{
  "experiment": "exp2_16patch_aggressive",
  "patch_size": 16,
  "epochs": 200,
  "elapsed_minutes": 5.534901245435079,
  "best_metrics": {
    "dice": 0.772262692451477,
    "sensitivity": 0.7912284135818481,
    "specificity": 0.945936381816864,
    "precision": 0.7541849613189697,
    "tiny_dice": 0.3582611026123789,
    "small_dice": 0.9370760371905212,
    "medium_dice": 0.5956571427209926,
    "large_dice": 0.0,
    "lesion_sensitivity": 0.6969696758494038,
    "lesion_precision": 0.9166666284722238,
    "lesion_f1": 0.7918617662063042,
    "n_true_lesions": 33,
    "n_detected": 23
  },
  "final_metrics": {
    "dice": 0.756085991859436,
    "sensitivity": 0.9727648496627808,
    "specificity": 0.8741337060928345,
    "precision": 0.61835116147995,
    "tiny_dice": 0.6382844637161718,
    "small_dice": 0.9902646697422308,
    "medium_dice": 0.9999999998372395,
    "large_dice": 0.0,
    "lesion_sensitivity": 0.8181817933884306,
    "lesion_precision": 0.6785714043367356,
    "lesion_f1": 0.7418649894366705,
    "n_true_lesions": 33,
    "n_detected": 27
  },
  "timestamp": "2026-01-29T23:44:06.778890"
}