{
  "experiment": "exp4_24patch_heavy",
  "patch_size": 24,
  "epochs": 200,
  "elapsed_minutes": 5.813655308882395,
  "best_metrics": {
    "dice": 0.7093583941459656,
    "sensitivity": 0.8163185119628906,
    "specificity": 0.9542058706283569,
    "precision": 0.6271805167198181,
    "tiny_dice": 0.45294240376925177,
    "small_dice": 0.8702283328768418,
    "medium_dice": 0.818539618525106,
    "large_dice": 0.9988403876004788,
    "lesion_sensitivity": 0.5999999880000003,
    "lesion_precision": 0.6363636170798904,
    "lesion_f1": 0.6176465438152833,
    "n_true_lesions": 50,
    "n_detected": 30
  },
  "final_metrics": {
    "dice": 0.7007831931114197,
    "sensitivity": 0.8781981468200684,
    "specificity": 0.9407215118408203,
    "precision": 0.5830038189888,
    "tiny_dice": 0.5308522137219654,
    "small_dice": 0.9266034351805756,
    "medium_dice": 0.9001671782558635,
    "large_dice": 0.9976365219141006,
    "lesion_sensitivity": 0.6599999868000003,
    "lesion_precision": 0.5249999868750004,
    "lesion_f1": 0.5848096197472527,
    "n_true_lesions": 50,
    "n_detected": 33
  },
  "timestamp": "2026-01-29T23:56:54.729443"
}