{
  "experiment": "exp5_36patch_balanced",
  "patch_size": 36,
  "epochs": 150,
  "elapsed_minutes": 4.814245315392812,
  "best_metrics": {
    "dice": 0.4998396337032318,
    "sensitivity": 0.9477044939994812,
    "specificity": 0.947681188583374,
    "precision": 0.3394315540790558,
    "tiny_dice": 0.5465720629038762,
    "small_dice": 0.9776688602991548,
    "medium_dice": 0.9940188198534038,
    "large_dice": 0.9903326232459264,
    "lesion_sensitivity": 0.7428571216326537,
    "lesion_precision": 0.4222222128395064,
    "lesion_f1": 0.5384191431939755,
    "n_true_lesions": 35,
    "n_detected": 26
  },
  "final_metrics": {
    "dice": 0.5079002380371094,
    "sensitivity": 0.945846438407898,
    "specificity": 0.9495432376861572,
    "precision": 0.34715867042541504,
    "tiny_dice": 0.541032778912195,
    "small_dice": 0.9806733792554736,
    "medium_dice": 0.9934907351101145,
    "large_dice": 0.9886201990924269,
    "lesion_sensitivity": 0.7428571216326537,
    "lesion_precision": 0.3653846083579883,
    "lesion_f1": 0.4898359377570321,
    "n_true_lesions": 35,
    "n_detected": 26
  },
  "timestamp": "2026-01-30T00:01:43.641232"
}