{
  "epoch": 250,
  "epochs_total": 250,
  "patch_size": 36,
  "train_loss": 0.0975328953936696,
  "val_loss": 0.10718893934972584,
  "val_dice": 0.8779597878456116,
  "tiny_dice": 0.7357807926819995,
  "small_dice": 0.7950953307251135,
  "medium_dice": 0.8427503520106695,
  "large_dice": 0.8901375894305072,
  "sensitivity": 0.9002807140350342,
  "specificity": 0.9908925294876099,
  "best_val_loss": 0.10577345662750304,
  "best_val_dice": 0.8786807656288147,
  "best_tiny_dice": 0.7476577626435236,
  "timestamp": "2026-01-29T04:41:40.096616"
}