{
  "epoch": 250,
  "epochs_total": 250,
  "patch_size": 48,
  "train_loss": 0.11032849256450919,
  "val_loss": 0.11572652236676552,
  "val_dice": 0.8757272362709045,
  "tiny_dice": 0.7395739539268029,
  "small_dice": 0.7974552740201781,
  "medium_dice": 0.8490459524576189,
  "large_dice": 0.8793960151218233,
  "sensitivity": 0.8737637996673584,
  "specificity": 0.9961028099060059,
  "best_val_loss": 0.11315241411433254,
  "best_val_dice": 0.8758171200752258,
  "best_tiny_dice": 0.7429917298163108,
  "timestamp": "2026-01-29T08:10:07.427657"
}