{
  "epoch": 250,
  "epochs_total": 250,
  "patch_size": 64,
  "train_loss": 0.124003454448279,
  "val_loss": 0.12870505808944432,
  "val_dice": 0.8693700432777405,
  "tiny_dice": 0.7134251077811123,
  "small_dice": 0.7846160369884708,
  "medium_dice": 0.8445561362637414,
  "large_dice": 0.8622800017948504,
  "sensitivity": 0.8818734884262085,
  "specificity": 0.9976497292518616,
  "best_val_loss": 0.12430025715853127,
  "best_val_dice": 0.8654287457466125,
  "best_tiny_dice": 0.7556591946933403,
  "timestamp": "2026-01-29T14:39:40.054940"
}