{
  "epoch": 250,
  "epochs_total": 250,
  "patch_size": 24,
  "train_loss": 0.09749009611981886,
  "val_loss": 0.10694495787223181,
  "val_dice": 0.8791217803955078,
  "tiny_dice": 0.7603818664828249,
  "small_dice": 0.7963554749984553,
  "medium_dice": 0.8777095976303209,
  "large_dice": 0.9242434361949563,
  "sensitivity": 0.8970658779144287,
  "specificity": 0.9808952808380127,
  "best_val_loss": 0.1027604654431343,
  "best_val_dice": 0.8816760778427124,
  "best_tiny_dice": 0.768966958458943,
  "timestamp": "2026-01-29T02:29:47.493776"
}