{
  "improved_24patch": {
    "dice": 0.5402220156768291,
    "sensitivity": 0.6292569308743364,
    "specificity": 0.999801401581083,
    "precision": 0.5880717396745929,
    "std_dice": 0.3043371588510378,
    "n_cases": 84.0,
    "threshold": 0.30000000000000004
  },
  "improved_36patch": {
    "dice": 0.5737503379062238,
    "sensitivity": 0.6463111996869694,
    "specificity": 0.9998187678200858,
    "precision": 0.601456573055396,
    "std_dice": 0.3021545245051575,
    "n_cases": 84.0,
    "threshold": 0.20000000000000004
  },
  "simple_average": {
    "dice": 0.5581036458100725,
    "sensitivity": 0.6664802140642229,
    "specificity": 0.9997795217093968,
    "precision": 0.5891590391024586,
    "std_dice": 0.29678659441986044,
    "n_cases": 84.0,
    "threshold": 0.20000000000000004
  },
  "max_fusion": {
    "dice": 0.5565713191954044,
    "sensitivity": 0.6608663218580989,
    "specificity": 0.9997849762439728,
    "precision": 0.5924894172266152,
    "std_dice": 0.29477296083980714,
    "n_cases": 84.0,
    "threshold": 0.3500000000000001
  },
  "stacking": {
    "dice": 0.5889809363897258,
    "sensitivity": 0.6761509044802512,
    "specificity": 0.9998176878406888,
    "precision": 0.5927071000938581,
    "std_dice": 0.28571980577710787,
    "n_cases": 84.0,
    "threshold": 0.6000000000000002
  },
  "_thresholds": {
    "improved_24patch": 0.30000000000000004,
    "improved_36patch": 0.20000000000000004,
    "simple_average": 0.20000000000000004,
    "max_fusion": 0.3500000000000001,
    "stacking": 0.6000000000000002
  },
  "_config": {
    "models": [
      "improved_24patch",
      "improved_36patch"
    ],
    "in_channels": 4,
    "overlap": 0.5,
    "min_component_size": 20,
    "cache_dir": "stacking_cache_v2"
  }
}