{
  "exp1_8patch": {
    "dice": 0.30198733280475504,
    "sensitivity": 0.4271484965390085,
    "specificity": 0.9996299317904881,
    "precision": 0.2993670212864354,
    "std_dice": 0.23484784685749266,
    "n_cases": 84.0,
    "threshold": 0.9000000000000002
  },
  "exp3_12patch_maxfn": {
    "dice": 0.3826262274626113,
    "sensitivity": 0.4984525034077859,
    "specificity": 0.9997306501581555,
    "precision": 0.3710998960520466,
    "std_dice": 0.27046596073760387,
    "n_cases": 84.0,
    "threshold": 0.9000000000000002
  },
  "improved_24patch": {
    "dice": 0.4857483729021239,
    "sensitivity": 0.6553800695616141,
    "specificity": 0.9997356541100002,
    "precision": 0.41594570104315054,
    "std_dice": 0.28320300987310537,
    "n_cases": 84.0,
    "threshold": 0.45000000000000007
  },
  "improved_36patch": {
    "dice": 0.5612170226884109,
    "sensitivity": 0.652584647283322,
    "specificity": 0.999823075674829,
    "precision": 0.5295421717061636,
    "std_dice": 0.28260968920988494,
    "n_cases": 84.0,
    "threshold": 0.40000000000000013
  },
  "simple_average": {
    "dice": 0.5674859012458996,
    "sensitivity": 0.6097293587547802,
    "specificity": 0.9998662954285031,
    "precision": 0.6087385143051051,
    "std_dice": 0.2863765094213471,
    "n_cases": 84.0,
    "threshold": 0.6000000000000002
  },
  "max_fusion": {
    "dice": 0.35119497202450434,
    "sensitivity": 0.6719811889386462,
    "specificity": 0.9993490051655542,
    "precision": 0.27738431529916285,
    "std_dice": 0.270069614500194,
    "n_cases": 84.0,
    "threshold": 0.9000000000000002
  },
  "stacking": {
    "dice": 0.596652946847823,
    "sensitivity": 0.6590753094809831,
    "specificity": 0.9998457538230079,
    "precision": 0.6108987499296318,
    "std_dice": 0.2808286264676971,
    "n_cases": 84.0,
    "threshold": 0.9000000000000002
  },
  "_thresholds": {
    "exp1_8patch": 0.9000000000000002,
    "exp3_12patch_maxfn": 0.9000000000000002,
    "improved_24patch": 0.45000000000000007,
    "improved_36patch": 0.40000000000000013,
    "simple_average": 0.6000000000000002,
    "max_fusion": 0.9000000000000002,
    "stacking": 0.9000000000000002
  }
}