{
  "UCSF_100202A": {
    "dice": 0.9243028163909912,
    "sensitivity": 0.9747899174690247,
    "specificity": 0.999969482421875,
    "precision": 0.8787878751754761
  },
  "UCSF_100164B": {
    "dice": 0.8614092469215393,
    "sensitivity": 0.8337849974632263,
    "specificity": 0.999946117401123,
    "precision": 0.8909266591072083
  },
  "BMS_Mets_238": {
    "dice": 2.173912960756752e-08,
    "sensitivity": 2.173912960756752e-08,
    "specificity": 1.0,
    "precision": 1.0
  },
  "UCSF_100210A": {
    "dice": 0.49578413367271423,
    "sensitivity": 0.45230770111083984,
    "specificity": 0.9999423027038574,
    "precision": 0.5485074520111084
  },
  "UCSF_100209A": {
    "dice": 1.2048192665758961e-08,
    "sensitivity": 1.2048192665758961e-08,
    "specificity": 1.0,
    "precision": 1.0
  },
  "UCSF_100279B": {
    "dice": 0.761160135269165,
    "sensitivity": 0.899284839630127,
    "specificity": 0.9996287226676941,
    "precision": 0.659816324710846
  },
  "UCSF_100238D": {
    "dice": 7.999999773744548e-09,
    "sensitivity": 1.1627906637556862e-08,
    "specificity": 0.9999814033508301,
    "precision": 2.5641025303002607e-08
  },
  "UCSF_100116A": {
    "dice": 0.7966101765632629,
    "sensitivity": 0.7121211886405945,
    "specificity": 0.999997615814209,
    "precision": 0.9038461446762085
  },
  "UCSF_100147B": {
    "dice": 0.5357142686843872,
    "sensitivity": 0.4026845693588257,
    "specificity": 0.999992847442627,
    "precision": 0.800000011920929
  },
  "UCSF_100110A": {
    "dice": 0.7508361339569092,
    "sensitivity": 0.9426172375679016,
    "specificity": 0.99961256980896,
    "precision": 0.6238999366760254
  },
  "UCSF_100300D": {
    "dice": 0.3563218414783478,
    "sensitivity": 0.36556604504585266,
    "specificity": 0.9998612403869629,
    "precision": 0.347533643245697
  },
  "BMS_Mets_039": {
    "dice": 0.47558385133743286,
    "sensitivity": 0.5685279369354248,
    "specificity": 0.9999227523803711,
    "precision": 0.40875911712646484
  },
  "UCSF_100230B": {
    "dice": 0.42662540078163147,
    "sensitivity": 0.3098021447658539,
    "specificity": 0.9998486638069153,
    "precision": 0.684890627861023
  },
  "UCSF_100110B": {
    "dice": 0.7183445692062378,
    "sensitivity": 0.9386382699012756,
    "specificity": 0.9988498091697693,
    "precision": 0.5817992091178894
  },
  "UCSF_100238E": {
    "dice": 0.1694214940071106,
    "sensitivity": 0.18721461296081543,
    "specificity": 0.9998931884765625,
    "precision": 0.15471698343753815
  },
  "UCSF_100328A": {
    "dice": 0.725175142288208,
    "sensitivity": 0.9554831981658936,
    "specificity": 0.9997013807296753,
    "precision": 0.58432936668396
  },
  "UCSF_100238A": {
    "dice": 5.235602174025189e-09,
    "sensitivity": 1.2048192665758961e-08,
    "specificity": 0.9999485015869141,
    "precision": 9.259259137195386e-09
  },
  "UCSF_100412A": {
    "dice": 0.7593184113502502,
    "sensitivity": 0.9861687421798706,
    "specificity": 0.9989443421363831,
    "precision": 0.6173160076141357
  },
  "UCSF_100168A": {
    "dice": 0.7200000286102295,
    "sensitivity": 0.8709677457809448,
    "specificity": 0.9999918937683105,
    "precision": 0.6136364340782166
  },
  "UCSF_100310A": {
    "dice": 0.4803149700164795,
    "sensitivity": 0.4206896424293518,
    "specificity": 0.9999771118164062,
    "precision": 0.5596330165863037
  },
  "UCSF_100154A": {
    "dice": 0.7810651063919067,
    "sensitivity": 0.8148148059844971,
    "specificity": 0.999905526638031,
    "precision": 0.75
  },
  "UCSF_100306A": {
    "dice": 0.8459069132804871,
    "sensitivity": 0.9777365326881409,
    "specificity": 0.9999141693115234,
    "precision": 0.7454031109809875
  },
  "UCSF_100132C": {
    "dice": 0.6319444179534912,
    "sensitivity": 0.8425925970077515,
    "specificity": 0.9999575614929199,
    "precision": 0.5055555701255798
  },
  "UCSF_100166A": {
    "dice": 0.735785961151123,
    "sensitivity": 0.9442059993743896,
    "specificity": 0.9998616576194763,
    "precision": 0.6027397513389587
  },
  "BMS_Mets_279": {
    "dice": 0.6868686676025391,
    "sensitivity": 0.7010309100151062,
    "specificity": 0.9999842643737793,
    "precision": 0.6732673048973083
  },
  "BMS_Mets_240": {
    "dice": 0.699397087097168,
    "sensitivity": 0.7792706489562988,
    "specificity": 0.9998884201049805,
    "precision": 0.6343749761581421
  },
  "UCSF_100396A": {
    "dice": 0.9355031251907349,
    "sensitivity": 0.9400684833526611,
    "specificity": 0.9998053908348083,
    "precision": 0.9309818744659424
  },
  "UCSF_100152B": {
    "dice": 0.6933085322380066,
    "sensitivity": 0.7077798843383789,
    "specificity": 0.9999160766601562,
    "precision": 0.6794171333312988
  },
  "UCSF_100154B": {
    "dice": 0.6957210898399353,
    "sensitivity": 0.8393881320953369,
    "specificity": 0.9998568892478943,
    "precision": 0.5940459966659546
  },
  "UCSF_100209B": {
    "dice": 0.5865724086761475,
    "sensitivity": 0.46368715167045593,
    "specificity": 0.9999899864196777,
    "precision": 0.7980769276618958
  },
  "UCSF_100332A": {
    "dice": 0.8338468074798584,
    "sensitivity": 0.8529411554336548,
    "specificity": 0.9997808933258057,
    "precision": 0.8155885934829712
  },
  "UCSF_100253A": {
    "dice": 0.7272727489471436,
    "sensitivity": 0.7176470756530762,
    "specificity": 0.9999585151672363,
    "precision": 0.7371601462364197
  },
  "BMS_Mets_282": {
    "dice": 0.6051502227783203,
    "sensitivity": 0.5280898809432983,
    "specificity": 0.9999723434448242,
    "precision": 0.7085427045822144
  },
  "UCSF_100163C": {
    "dice": 0.7883396744728088,
    "sensitivity": 0.7548543810844421,
    "specificity": 0.9999685287475586,
    "precision": 0.8249337077140808
  },
  "UCSF_100156A": {
    "dice": 0.8625954389572144,
    "sensitivity": 0.9162161946296692,
    "specificity": 0.9999632835388184,
    "precision": 0.8149038553237915
  },
  "UCSF_100280B": {
    "dice": 0.708847165107727,
    "sensitivity": 0.690700113773346,
    "specificity": 0.999882161617279,
    "precision": 0.7279735803604126
  },
  "UCSF_100414B": {
    "dice": 6.666666507726404e-08,
    "sensitivity": 6.666666507726404e-08,
    "specificity": 1.0,
    "precision": 1.0
  },
  "UCSF_100317A": {
    "dice": 2.499999425253918e-07,
    "sensitivity": 2.499999425253918e-07,
    "specificity": 1.0,
    "precision": 1.0
  },
  "UCSF_100224A": {
    "dice": 1.6666663782416435e-07,
    "sensitivity": 1.6666663782416435e-07,
    "specificity": 1.0,
    "precision": 1.0
  },
  "BMS_Mets_051": {
    "dice": 0.729617714881897,
    "sensitivity": 0.8829431533813477,
    "specificity": 0.9997700452804565,
    "precision": 0.6216640472412109
  },
  "UCSF_100204A": {
    "dice": 0.890577495098114,
    "sensitivity": 0.9361022114753723,
    "specificity": 0.9999504089355469,
    "precision": 0.8492753505706787
  },
  "UCSF_100234B": {
    "dice": 0.6929904222488403,
    "sensitivity": 0.9710659980773926,
    "specificity": 0.999218225479126,
    "precision": 0.53872150182724
  },
  "UCSF_100132A": {
    "dice": 6.250000073038109e-09,
    "sensitivity": 6.250000073038109e-09,
    "specificity": 1.0,
    "precision": 1.0
  },
  "UCSF_100218C": {
    "dice": 0.8204134106636047,
    "sensitivity": 0.9202898740768433,
    "specificity": 0.9998936057090759,
    "precision": 0.7400932312011719
  },
  "UCSF_100395A": {
    "dice": 0.7017543911933899,
    "sensitivity": 0.800000011920929,
    "specificity": 0.9999656677246094,
    "precision": 0.625
  },
  "UCSF_100298A": {
    "dice": 0.862981915473938,
    "sensitivity": 0.83243727684021,
    "specificity": 0.9999485015869141,
    "precision": 0.8958534002304077
  },
  "UCSF_100348A": {
    "dice": 0.10745891183614731,
    "sensitivity": 0.7203390002250671,
    "specificity": 0.9993423819541931,
    "precision": 0.05806010961532593
  },
  "UCSF_100247A": {
    "dice": 0.7356321811676025,
    "sensitivity": 0.834782600402832,