{
  "exp1_8patch": {
    "dice": 0.3759304034555239,
    "sensitivity": 0.45547797609203605,
    "specificity": 0.9997276543151765,
    "precision": 0.41630531582278313,
    "std_dice": 0.274663541512191,
    "n_cases": 84.0,
    "threshold": 0.7500000000000002
  },
  "exp3_12patch_maxfn": {
    "dice": 0.4649189110166854,
    "sensitivity": 0.513787602519776,
    "specificity": 0.9997972356421607,
    "precision": 0.49716376191762796,
    "std_dice": 0.28995141331917,
    "n_cases": 84.0,
    "threshold": 0.7500000000000002
  },
  "improved_24patch": {
    "dice": 0.5402220156768291,
    "sensitivity": 0.6292569308743364,
    "specificity": 0.999801401581083,
    "precision": 0.5880717396745929,
    "std_dice": 0.3043371588510378,
    "n_cases": 84.0,
    "threshold": 0.30000000000000004
  },
  "improved_36patch": {
    "dice": 0.5737503379062238,
    "sensitivity": 0.6463111996869694,
    "specificity": 0.9998187678200858,
    "precision": 0.601456573055396,
    "std_dice": 0.3021545245051575,
    "n_cases": 84.0,
    "threshold": 0.20000000000000004
  },
  "simple_average": {
    "dice": 0.5563362006864578,
    "sensitivity": 0.5906614349501057,
    "specificity": 0.9998650806290763,
    "precision": 0.6374190877975631,
    "std_dice": 0.30093482031954594,
    "n_cases": 84.0,
    "threshold": 0.5000000000000001
  },
  "max_fusion": {
    "dice": 0.48856377588125627,
    "sensitivity": 0.567403778615285,
    "specificity": 0.999794948668707,
    "precision": 0.504723813758835,
    "std_dice": 0.3045748568035833,
    "n_cases": 84.0,
    "threshold": 0.9000000000000002
  },
  "stacking": {
    "dice": 0.6001952499267568,
    "sensitivity": 0.6640787128692226,
    "specificity": 0.9998220162732261,
    "precision": 0.6652093335142317,
    "std_dice": 0.28928761182214097,
    "n_cases": 84.0,
    "threshold": 0.30000000000000004
  },
  "_thresholds": {
    "exp1_8patch": 0.7500000000000002,
    "exp3_12patch_maxfn": 0.7500000000000002,
    "improved_24patch": 0.30000000000000004,
    "improved_36patch": 0.20000000000000004,
    "simple_average": 0.5000000000000001,
    "max_fusion": 0.9000000000000002,
    "stacking": 0.30000000000000004
  },
  "_config": {
    "models": [
      "exp1_8patch",
      "exp3_12patch_maxfn",
      "improved_24patch",
      "improved_36patch"
    ],
    "in_channels": 6,
    "overlap": 0.5,
    "min_component_size": 20,
    "cache_dir": "stacking_cache_4model",
    "fg_ratio": 0.7,
    "tta": false,
    "patch_size": 64,
    "stacking_patch": 32,
    "stacking_overlap": 0.5
  }
}