{
  "UCSF_100202A": {
    "dice": 0.9273631572723389,
    "sensitivity": 0.9789915680885315,
    "specificity": 0.9999699592590332,
    "precision": 0.8809073567390442
  },
  "UCSF_100164B": {
    "dice": 0.8752362728118896,
    "sensitivity": 0.836495041847229,
    "specificity": 0.9999604225158691,
    "precision": 0.9177403450012207
  },
  "BMS_Mets_238": {
    "dice": 2.173912960756752e-08,
    "sensitivity": 2.173912960756752e-08,
    "specificity": 1.0,
    "precision": 1.0
  },
  "UCSF_100210A": {
    "dice": 0.505084753036499,
    "sensitivity": 0.45846155285835266,
    "specificity": 0.9999446868896484,
    "precision": 0.5622641444206238
  },
  "UCSF_100209A": {
    "dice": 1.2048192665758961e-08,
    "sensitivity": 1.2048192665758961e-08,
    "specificity": 1.0,
    "precision": 1.0
  },
  "UCSF_100279B": {
    "dice": 0.7663125991821289,
    "sensitivity": 0.9028605222702026,
    "specificity": 0.9996368288993835,
    "precision": 0.6656414866447449
  },
  "UCSF_100238D": {
    "dice": 6.711409206161534e-09,
    "sensitivity": 1.1627906637556862e-08,
    "specificity": 0.9999699592590332,
    "precision": 1.587301667882457e-08
  },
  "UCSF_100116A": {
    "dice": 0.8103448152542114,
    "sensitivity": 0.7121211886405945,
    "specificity": 0.9999985694885254,
    "precision": 0.9399999976158142
  },
  "UCSF_100147B": {
    "dice": 0.5333333611488342,
    "sensitivity": 0.4026845693588257,
    "specificity": 0.9999923706054688,
    "precision": 0.7894737124443054
  },
  "UCSF_100110A": {
    "dice": 0.7614704966545105,
    "sensitivity": 0.934919536113739,
    "specificity": 0.9996449947357178,
    "precision": 0.642307698726654
  },
  "UCSF_100300D": {
    "dice": 0.18950586020946503,
    "sensitivity": 0.4386792480945587,
    "specificity": 0.9993547201156616,
    "precision": 0.12085770070552826
  },
  "BMS_Mets_039": {
    "dice": 0.5340050458908081,
    "sensitivity": 0.5380710363388062,
    "specificity": 0.9999551773071289,
    "precision": 0.5299999713897705
  },
  "UCSF_100230B": {
    "dice": 0.5224395990371704,
    "sensitivity": 0.4082733690738678,
    "specificity": 0.9998357892036438,
    "precision": 0.725239634513855
  },
  "UCSF_100110B": {
    "dice": 0.7231319546699524,
    "sensitivity": 0.9341552257537842,
    "specificity": 0.9988927841186523,
    "precision": 0.5898796916007996
  },
  "UCSF_100238E": {
    "dice": 0.13953489065170288,
    "sensitivity": 0.1780821979045868,
    "specificity": 0.9998564720153809,
    "precision": 0.1147058829665184
  },
  "UCSF_100328A": {
    "dice": 0.7664201855659485,
    "sensitivity": 0.9565689563751221,
    "specificity": 0.9997628927230835,
    "precision": 0.6393323540687561
  },
  "UCSF_100238A": {
    "dice": 5.025125648927542e-09,
    "sensitivity": 1.2048192665758961e-08,
    "specificity": 0.9999446868896484,
    "precision": 8.620689939675685e-09
  },
  "UCSF_100412A": {
    "dice": 0.7710634469985962,
    "sensitivity": 0.9847856163978577,
    "specificity": 0.999016523361206,
    "precision": 0.6335647106170654
  },
  "UCSF_100168A": {
    "dice": 0.7200000286102295,
    "sensitivity": 0.8709677457809448,
    "specificity": 0.9999918937683105,
    "precision": 0.6136364340782166
  },
  "UCSF_100310A": {
    "dice": 0.5096524953842163,
    "sensitivity": 0.45517241954803467,
    "specificity": 0.9999771118164062,
    "precision": 0.5789473652839661
  },
  "UCSF_100154A": {
    "dice": 0.7872763276100159,
    "sensitivity": 0.8148148059844971,
    "specificity": 0.9999112486839294,
    "precision": 0.7615384459495544
  },
  "UCSF_100306A": {
    "dice": 0.8538775444030762,
    "sensitivity": 0.9703153967857361,
    "specificity": 0.9999222755432129,
    "precision": 0.762390673160553
  },
  "UCSF_100132C": {
    "dice": 0.6456140279769897,
    "sensitivity": 0.8518518805503845,
    "specificity": 0.9999594688415527,
    "precision": 0.5197740197181702
  },
  "UCSF_100166A": {
    "dice": 0.7580225467681885,
    "sensitivity": 0.9377682209014893,
    "specificity": 0.9998807907104492,
    "precision": 0.6360989809036255
  },
  "BMS_Mets_279": {
    "dice": 0.7083333134651184,
    "sensitivity": 0.7010309100151062,
    "specificity": 0.9999871253967285,
    "precision": 0.7157894968986511
  },
  "BMS_Mets_240": {
    "dice": 0.7554805874824524,
    "sensitivity": 0.8598848581314087,
    "specificity": 0.9998965263366699,
    "precision": 0.6736842393875122
  },
  "UCSF_100396A": {
    "dice": 0.9355139136314392,
    "sensitivity": 0.9452054500579834,
    "specificity": 0.9997891187667847,
    "precision": 0.9260191321372986
  },
  "UCSF_100152B": {
    "dice": 0.6906338930130005,
    "sensitivity": 0.6925995945930481,
    "specificity": 0.9999213218688965,
    "precision": 0.6886792182922363
  },
  "UCSF_100154B": {
    "dice": 0.6981585025787354,
    "sensitivity": 0.8336520195007324,
    "specificity": 0.9998616576194763,
    "precision": 0.6005509495735168
  },
  "UCSF_100209B": {
    "dice": 0.5878136157989502,
    "sensitivity": 0.4581005573272705,
    "specificity": 0.9999914169311523,
    "precision": 0.8199999928474426
  },
  "UCSF_100332A": {
    "dice": 0.8405738472938538,
    "sensitivity": 0.8739495873451233,
    "specificity": 0.9997665882110596,
    "precision": 0.8096535801887512
  },
  "UCSF_100253A": {
    "dice": 0.6556016802787781,
    "sensitivity": 0.6970587968826294,
    "specificity": 0.9999303817749023,
    "precision": 0.6187989711761475
  },
  "BMS_Mets_282": {
    "dice": 0.5986696481704712,
    "sensitivity": 0.5056179761886597,
    "specificity": 0.999976634979248,
    "precision": 0.7336956262588501
  },
  "UCSF_100163C": {
    "dice": 0.793367326259613,
    "sensitivity": 0.7548543810844421,
    "specificity": 0.9999709129333496,
    "precision": 0.8360214829444885
  },
  "UCSF_100156A": {
    "dice": 0.8633460998535156,
    "sensitivity": 0.9135135412216187,
    "specificity": 0.9999642372131348,
    "precision": 0.8184019327163696
  },
  "UCSF_100280B": {
    "dice": 0.7039473652839661,
    "sensitivity": 0.6708464026451111,
    "specificity": 0.9998926520347595,
    "precision": 0.7404844164848328
  },
  "UCSF_100414B": {
    "dice": 5.025125648927542e-09,
    "sensitivity": 6.666666507726404e-08,
    "specificity": 0.9999122619628906,
    "precision": 5.43478240189188e-09
  },
  "UCSF_100317A": {
    "dice": 2.499999425253918e-07,
    "sensitivity": 2.499999425253918e-07,
    "specificity": 1.0,
    "precision": 1.0
  },
  "UCSF_100224A": {
    "dice": 1.6666663782416435e-07,
    "sensitivity": 1.6666663782416435e-07,
    "specificity": 1.0,
    "precision": 1.0
  },
  "BMS_Mets_051": {
    "dice": 0.7281910181045532,
    "sensitivity": 0.8840579986572266,
    "specificity": 0.9997671842575073,
    "precision": 0.6190476417541504
  },
  "UCSF_100204A": {
    "dice": 0.8933231234550476,
    "sensitivity": 0.9297124743461609,
    "specificity": 0.9999547004699707,
    "precision": 0.8596750497817993
  },
  "UCSF_100234B": {
    "dice": 0.6904376149177551,
    "sensitivity": 0.9730964303016663,
    "specificity": 0.9992048144340515,
    "precision": 0.535026490688324
  },
  "UCSF_100132A": {
    "dice": 0.18681319057941437,
    "sensitivity": 0.10625001043081284,
    "specificity": 0.999997615814209,
    "precision": 0.7727273106575012
  },
  "UCSF_100218C": {
    "dice": 0.8227513432502747,
    "sensitivity": 0.9014492630958557,
    "specificity": 0.9999045729637146,
    "precision": 0.7566909790039062
  },
  "UCSF_100395A": {
    "dice": 0.6538461446762085,
    "sensitivity": 0.7933333516120911,
    "specificity": 0.9999547004699707,
    "precision": 0.5560747385025024
  },
  "UCSF_100298A": {
    "dice": 0.8548837304115295,
    "sensitivity": 0.8234767317771912,
    "specificity": 0.9999451637268066,
    "precision": 0.8887814283370972
  },
  "UCSF_100348A": {
    "dice": 0.08480565249919891,
    "sensitivity": 0.7118644118309021,
    "specificity": 0.9991516470909119,
    "precision": 0.04508856683969498
  },