{
  "model_name": "tiny_lesion_24patch",
  "epoch": 122,
  "best_weighted_dice": 0.737057458492262,
  "latest_metrics": {
    "train_loss": 0.11008640414764805,
    "overall_dice": 0.6871882325840769,
    "tiny_dice": 0.6187920585665777,
    "small_dice": 0.6427092473757895,
    "medium_dice": 0.8038227205926721,
    "large_dice": 0.923836424946785
  },
  "completed": false,
  "timestamp": "2026-01-25T10:07:29.370802"
}