{
  "epoch": 123,
  "epochs_total": 150,
  "patch_size": 48,
  "train_loss": 0.024190556581901466,
  "val_loss": 0.027341070853603575,
  "val_dice": 0.7977453745328463,
  "best_val_loss": 0.026352167380257294,
  "best_val_dice": 0.7897449273329514,
  "timestamp": "2026-01-28T23:04:29.413771"
}