{
  "patch_sizes": [
    12,
    24,
    36,
    48,
    64
  ],
  "epochs": 250,
  "patches_per_volume": 5,
  "total_time_min": 903.4228500207265,
  "results": {
    "12": {
      "dice": 0.8659385442733765,
      "tiny": 0.7797472826231456
    },
    "24": {
      "dice": 0.8816760778427124,
      "tiny": 0.768966958458943
    },
    "36": {
      "dice": 0.8786807656288147,
      "tiny": 0.7476577626435236
    },
    "48": {
      "dice": 0.8758171200752258,
      "tiny": 0.7429917298163108
    },
    "64": {
      "dice": 0.8654287457466125,
      "tiny": 0.7556591946933403
    }
  },
  "best_overall": {
    "patch": 24,
    "dice": 0.8816760778427124
  },
  "best_tiny": {
    "patch": 12,
    "dice": 0.7797472826231456
  }
}